username,password,token
aabo,123,eyJ0eXAiOiJKV1QiLCJhbGciOiJSUzI1NiJ9.eyJ1c2VyIjo2MSwicm9sZSI6MSwiZXhwIjoxNzgzNjgzMzY3fQ.J6a7scvRIVEsVGa_wiyAPAJNEA1Vdgh5EKCrMepm-ZkxtXY1x7hVF2-uD28onzI-BcX4-_L0BY8caEqnkp8K6DdD1HNMPiyUJThwdIHhsWl4OmViutpS0gbH85Non4riQb4hL5TIGb88yJwizIE2fe1cJ_1q9K8IgKrzk5JcGw7VGBxSKA5OI3SLfJUIs1Azmvvy7gU29Q5lfnvyhCB48Qr6AirsEVgKIbwm1EV2IRi3mTp5uhvoJAML899T3V6NHifoRD6xcbbS3a6L4FpntRNEuwRfuGMHBuwfPuXC-rUc0Deg8UwSp24-D08lWxHnahTUTJ1NptQyzvoUpHKSig
aabp,123,eyJ0eXAiOiJKV1QiLCJhbGciOiJSUzI1NiJ9.eyJ1c2VyIjo2Miwicm9sZSI6MSwiZXhwIjoxNzgzNjgzMzY3fQ.B5GCnpnRR0nfRvoCWvEw2p__NNKZybm25tgJd8yKKWn8opZtjRMHXbI24rfVWZX3kJMxBxVhEOgURwZC3Q6psdf7DYDpKIOicgfGp6v_zXfWurirSsK2tYtU73JG9IOZuuTlT8l8Cuj4w7XEtloeU3OVJGsoQILvBj5iy2ci6kmHdf4PtxzLTES4YZ6bdwPT_IUvssAZJLKQYhs282CeqY7xW56toAyv7AaFQ4q00E8t_0qoeYgmHfrkUbhcnacqwGP9eJu_Uk1GvvgTvATwV-Uef9DhZ8-NdA0LYv5fAefjY1U0iM6BmxtwAwLuoGfPs3aB9TBxbpZifupMRdbwvg
aabq,123,eyJ0eXAiOiJKV1QiLCJhbGciOiJSUzI1NiJ9.eyJ1c2VyIjo2Mywicm9sZSI6MSwiZXhwIjoxNzgzNjgzMzY3fQ.h9fw2sDY2xlHCGjPNpLSdda6cn5_Iu25mogyC3IHl7ZmhNGR4i0fMsFZyugQi3s6bqw5pMbHzV_lFMou9Kp71Iw5bR3Rl_L1g_hkJr8XMHuCYzXcu0agFfcZHs-y9iR15ur5FEORzAp9JGwcWUHZXxT6vZ71FchnwnxTYnYFkLQ1Cy-gxCPooapUPmeJjSzx2PT1mC_2KoZXeWRXKSm4aL5pgcbbuaW3TtUBeoxRjHs7C1m3QZbP7Io1BvNP-z7k3TXYzp_itJg7BhH_LxsdQHMCbKCyEd-rpbs6LFyxbkJTvCCEIaaLIURoU41UtjkQUlFxVM5bHpGijnQb09LEAA
aabr,123,eyJ0eXAiOiJKV1QiLCJhbGciOiJSUzI1NiJ9.eyJ1c2VyIjo2NCwicm9sZSI6MSwiZXhwIjoxNzgzNjgzMzY3fQ.UTnGBIztmrFHW0GM2cmCellV1wg2c8yMbGWBKAEycWlJmEQfP54-xnMn0b0Y55p7SiD3FBFJRbWReY2IxXC6-TrRgs3r85MRiPUuOeDdFTxSkGfxJmtgIANjne2PwlTxp6EQqoxBxVV6Kr6P6W6PLtGVSTZppJ5EQ6PO6elRiM6jj40xVJ9LloIIHfyYxEA9t1xO1lo3DPBnTES6M8925MijfzOofha0S_gVVSTbB9GupB6aM95lrg8lyEfi_mhCSv23dcyiegoalyvkC9u8EeQr_aJe5VTrg0v9YNiDJLa2cwAyGWWBcA-oNXowO_bxbK1AnSi6KwF61KO9Y5S_qg
aabs,123,eyJ0eXAiOiJKV1QiLCJhbGciOiJSUzI1NiJ9.eyJ1c2VyIjo2NSwicm9sZSI6MSwiZXhwIjoxNzgzNjgzMzY4fQ.JCfoB7fi1ApN_QS9H4rPvYY2ujKVoawyIhrMxu8R-6vhejyPVihjMaPMFtRdnkWd_-2BMfu1LttJEhSSAoPUjMZyLGy51Cb5QtUVaOE3v0J1hgByy9s6PA9GRYQ6haOoDVowWypKmHul5eb2iDPqDkE1xRGmkTVUcVZ4kTEHgNdPqEccb_iq4vQXfcfqvkHnIJ_m6nJ38i0Vf6a4Wyxo12Lf9uuc8lqRtB9OeIuasu7V0VtEffTN8qgT1YhlpZOXq18VrBXZoSngbjXu4r5LiA54w74U46wnuT_s1D999Z55K9Yg_vHBqyiSTy7NQH_t-IWrnn6vJx4AfRkpFJVmpA
aabt,123,eyJ0eXAiOiJKV1QiLCJhbGciOiJSUzI1NiJ9.eyJ1c2VyIjo2Niwicm9sZSI6MSwiZXhwIjoxNzgzNjgzMzY4fQ.ReA5FJ8YATDAI0VZ-PrJAaib6grs7PgNhnwurgl1RP5l24p9BdH4UGpIjseNT7RFqFr_uBa8kPwqgeQZhAJYxzbsB_xMIcyB6Relt8p_UVtWRMyLlAKRa47bGSaju7y8ZBN4lmRHhHfMvw7h_udO5jLMhunCn-xN-c368qsRaI-QSusxgI52PgvUURXwPShjeUCzWhcab2N0gJbgykIiETgLqK5K10PHcUX5He8nNkzQJWRpGyFSUvd8Rn-YB7CxQ2ltZ2KeN6Fr_qxMHCwG5LauB4xSZd0ZH_zUWkq4HTOZAqj_4CMoh5ISYQ-EDWMInqN6EFrH5F-jrrN2VNwdBA
aabu,123,eyJ0eXAiOiJKV1QiLCJhbGciOiJSUzI1NiJ9.eyJ1c2VyIjo2Nywicm9sZSI6MSwiZXhwIjoxNzgzNjgzMzY4fQ.hJFwUn-GWhgfth8fbTOLk-JauhAG9Fj_iX1trImOS4uvSSBNHTzpi6LLXvnTaFJPzIxW1KMRlEtGyBvW-NTMCY7irxpwFFfvsNRtBcG48wvPWYKaCKPINgh7fN3D-NZA909p5Bqlxp6EGhQsdh0pQAPET8GxygHZh0p5MQ5I7C0d_yTyvFgLDZcEJX53ggBGh5EdsUu8rsyeYE_S1BuGVN0aWvVwAZ7MYmqtnZUDD0eN-W_YsNtfJegIJfTygaBXyi2zYROE--_VFP9N2eh-cpLs_q0v1Tg4DtjKDOVhMIVG7k2YvjQF-v4RU2XDMOgUJ7r1RITJ7_M-Xog87cgBIw
aabv,123,eyJ0eXAiOiJKV1QiLCJhbGciOiJSUzI1NiJ9.eyJ1c2VyIjo2OCwicm9sZSI6MSwiZXhwIjoxNzgzNjgzMzY4fQ.IZRdllczeGGqTM8yQGmTqhJoQ5UBNjy4gI6anl1wrVT8Sw-HJxX6RgjAcmB2C2IQDkb9ivNb-_Ve1r3dCqSHmA-7iTK3fDFEGQfXRCzCtrRDYUvLLmBUIbpKRl2NLBDNygXjp4BezOcI0gA8LhAslMuNE0Rd5t7Z9nrxO100L0pX2TZb7cFG7r6CelGkAep4RMX2KmcEMdV2yTMddzfZYBfPQY-NHheK6LS_T1XqTjUmfU5TpT4xEoPVUMyYCEDIfugNaukOBNFPBW3mZygBg7tnWtyCFSc4vG1Jpb2l5h9M2pueG_8pcLfeFjxnRLY-_OqekzEnECuMYZmF8uDJkg
aabw,123,eyJ0eXAiOiJKV1QiLCJhbGciOiJSUzI1NiJ9.eyJ1c2VyIjo2OSwicm9sZSI6MSwiZXhwIjoxNzgzNjgzMzY4fQ.Kf8WqriROqZY--5ABCgwmPbgIw_KdN3ZI1XKa-GtF6WU49hFbnkBE6ciph7eYvqO8vF4qp2Fgbh0RsfivLHyVniq7bbSF8bCRRlVUca7b6E99SHtpa-MKnCTAy3W2tG1_H1dSJq2iazYFN_bCKidajWXn4UR06UrLmvqE4DsYQ-MjV5GQoCMCFcb3CzD7_UFGZETIXUZ7Sw72ygHIY38kbsxe8cVJgv2x5tDwnm3fEbD9dUB_FoAUyF2QBKWptdLJuVBHkX0c8QTt7jzFpVyiw_HeyKRrBbBe6x2Z13GqndUVN71sKJtGjF_UFDaI69LZGY6ToSu6tiQLkENUIu7Ig
aabx,123,eyJ0eXAiOiJKV1QiLCJhbGciOiJSUzI1NiJ9.eyJ1c2VyIjo3MCwicm9sZSI6MSwiZXhwIjoxNzgzNjgzMzY4fQ.ZiPOwtyKNXRlvm0_Rlv-QA-uRHYVqqGrWhL1foCB9ZuMqRIF2XFRrcMMg7TEJdXg038KSgrTcgA70AyxRRPfC2pzDdghxQG29hYlkUQw8U5sN3MKoOR3I86Apaxtl7-HaCl1Cx3sW51OM-NEb0sT8PS2KcmaNUZMZd7iVuLnkSgypLxg_PliFEUJFkWwDMZBaoJRjq9hPidJTOs6yYQbuIfvnOm4vb05L5oZx8kaxac97PKiPwCPlHgYmUC8UzQNnk-NJGUrVeKyeO9Z0CxzDXtoSYd4TCaiYTWLeGbPdnPVAbBe5ooJabFZJnvr0VeIhRojxjVrxCHSDH4JI04t7w
aaby,123,eyJ0eXAiOiJKV1QiLCJhbGciOiJSUzI1NiJ9.eyJ1c2VyIjo3MSwicm9sZSI6MSwiZXhwIjoxNzgzNjgzMzY4fQ.Hn7KVIN3vmILZSbNh69iwJEENqgYwWk-IROkQP2UR7A831upxIJN3x8VIkhwkeirZZqSANB-8IX818j5NuNtdWyeVfp9HSKVXVNTOW55fJV8n2hKJvfR_HZnvJwL1M89uxmYC6IHLerJ1NQa8ShJ2Sz3BM2Kxssqwrwh4HmMrSK4eFdlFjNCoOvdKSfz480IMHGQIv3CXe3-Sg0bZ_UBrDgCv6zXBickzUoUG0NnrxZajXkXJpme0JS2j7z2VTMjRHHsuCHybuQk68-AOYO7EmaiEgyLJEBCQTJV1eDvTv08S77h8L1gzx6cOm_56Y6h6a0NQtEcgakHKxbT-dj5Lg
aabz,123,eyJ0eXAiOiJKV1QiLCJhbGciOiJSUzI1NiJ9.eyJ1c2VyIjo3Miwicm9sZSI6MSwiZXhwIjoxNzgzNjgzMzY4fQ.GT2n5MfNniJod-cI4WZX3ArDNc7DI_4yEq14tp2nkSRa4-mxhZSWndtPyfn1sz4Iu9Wa2SnwWkMaf1C58cD8DbVH-auYDYcccwo5dngyU45aEcOiMFi90tsMn-S6kKdHOQHtYkS5RFoDLJZCdLlpoXaFiQKrXa2RRRnM0ODXzDfPNtvgf41iovRXnQalwoZ7Vlx4AmD8t1C1PLm7oDCvMb6JsNjEAjr5SKeGf4FcuNAQ1ZrTMP5CMgXAI3-c9ltoV3Qp2qfnZOmFe556Fxgrqze3KXjK2tnURkgFtlEJFwWvCfdXg8tOXx8m3P1UcoySFj5g5ITgn6fACD1fw3dkpw
aaca,123,eyJ0eXAiOiJKV1QiLCJhbGciOiJSUzI1NiJ9.eyJ1c2VyIjo3Mywicm9sZSI6MSwiZXhwIjoxNzgzNjgzMzY4fQ.iEvK1lF_BJ_wiTvNlsfmhceK79WgVJa-hpIn4zlLbk_ekBbTm-inVEU8d8mhlCWIjNurZM9zoXoQB5Bv3vGWvzMbMCLCoyda-fSyXJySp0US_UiWkC4fqput5AVsKeEFcxO5IJkij5jR7Q3t5ZrTCizO09qrpF0dpahNDdhY_ZbWo4Q0Zd2ig7eYDb3zg9EKOY-GMLyoHu1rat-36usuGx0Orc3AFziMRH3KoFnRSA-PKQmDczsxeK4H_qZQSvIRWiPDiYo_CAlJ325EhgwO4f00TjXs4nGcMazFMii9BszaH-g3LKri8t5LmPupyOdJ5AK751hhL-6dJ7pAMsIygg
aacb,123,eyJ0eXAiOiJKV1QiLCJhbGciOiJSUzI1NiJ9.eyJ1c2VyIjo3NCwicm9sZSI6MSwiZXhwIjoxNzgzNjgzMzY4fQ.RuJE-No12t9ZeMQv-DGgmfzDSAjDJaxqCpMFSn5nL3iBmLdNfinktCd2__dvLyF3lcqHupVHph_5yMg-gWe-ljPlfC0W5LGfUB0FWH1xLLjDJW-epoHcwgnxo2jMzd0D9n3RP8o1KoG1_EEzmJLdqf5Qp6HKeeiS5a2aTvhASZl9ydP0_GfrGx64-TD6w4ApZFDUHq4QrtpQOjXbbbKYJ-peJgmsydF1mvHSGhd34Ocm6dq-GbQTql6hDO137kvHJHrj8t7r2drgwBh5Agke4BXeqsUbUnRjeJga_-6XjKcdYy5XpFV2PFKlhLCEIfL36FvQ7mHMrYC--YDq4qfjPg
aacc,123,eyJ0eXAiOiJKV1QiLCJhbGciOiJSUzI1NiJ9.eyJ1c2VyIjo3NSwicm9sZSI6MSwiZXhwIjoxNzgzNjgzMzY4fQ.a6dNMcD9pRC1LTkQcsyh7wo4DSVIirdDGENArjtw0iH4g9eKThBJBa8CRHAmYzrXlWnON3Ve2XGKHY92201eWD8Zj6UWp6MbF5UECWtDUsuBGjTxMnXkt-adC_1DWVzRgJvBBYokhVPVvWQKNcSNqL9ozd7B33C4fknO2IyGYN8P3lV8CEaWg3hR9hAlI_HEVu0sctaduq9WCWhGT5u9QAR7kHL0AC7jtQoUC5TfI-29SZDkyYsbWvo_VHa8X6ld_plflv7j4mqcff16QSa1ohQciUJqk7at68nGC31Bedefib7pR_96PK-r6D9FJ4O0oOMO-4kt0fM1mv_ZsVLvOw
aacd,123,eyJ0eXAiOiJKV1QiLCJhbGciOiJSUzI1NiJ9.eyJ1c2VyIjo3Niwicm9sZSI6MSwiZXhwIjoxNzgzNjgzMzY4fQ.Pxa-6NLCjqNMRvaxsNe-9uCVLXieHdj-wkCgJyicbnGzY-xuZCZFx23bv1WaCsIj0W_84WrwKNgOFv_upZg3EptqUvgoiB1nCOfVhvm_MGKBWq2RmJvkopp6TAIn8mkDkqVEk4rUT-j7k6REFT7Ps9DmeoWkNrDTzsD3aPN-Za9i3J80jBmLCSHSXC4G-d85iYmfATnQRgk-KmB1kb-SH1YW3gv2QVKBQrJa7Q0SH9FRIMuZYZFsKdMPVf_SK20zesOYLplqmpG6RsSokVOYjGwu_S5pyygtqgsl6mTJeGdhLsWHJ5DSbozol4eBHod7h9l0KHHQLTJKNUvvXQy8Kw
aace,123,eyJ0eXAiOiJKV1QiLCJhbGciOiJSUzI1NiJ9.eyJ1c2VyIjo3Nywicm9sZSI6MSwiZXhwIjoxNzgzNjgzMzY4fQ.PClGRv9fnbf8UJprUu13b8FMThLgZRmj3Zndo8hbQhGs1THEYpuTEbMiBapqhN_ohS1Kb6x4VNhYhigRxMsuuYy3Mep6ruD23UEeuO7GOJaVjTGyexrwy28RnDO6oBZtJH95QAWdD9G0iF_dIDpXeycyM49EFnrbZQZSDjCPe7JFw-MIJfPkUBZdHkWJ6JEIJNNB6MAyXrTbADHmaETbiH80LUHFbefzhgCE3-XmVpEhKGXhCaahf_w001O_5Jmilb-mTIFuhSD8Bzwrt-0cXUT0nU9sE7usXV4vR1M8Wu1SQSOkaCr8FBXmEOnpzUXDkPRhNtfD0Jx4SGwqoG2glA
aacf,123,eyJ0eXAiOiJKV1QiLCJhbGciOiJSUzI1NiJ9.eyJ1c2VyIjo3OCwicm9sZSI6MSwiZXhwIjoxNzgzNjgzMzY5fQ.Ht86bKw86ODECpdzzjCol2B68HRnlCZMVM2VtUyh0JcStmZ1VfOkXc9eEAB-KLuGTJ7_kaUTzPqAT8pgUWroFXhvh7O2DSFFzywuKPJOPURjGUFK8ZAgADm2GEhuX1Uw2_xC1xbgT2Rj-ae3sPZsZ36x3PmkqsXEjusSTxXTCuQpL_qVHRFwdFQ_3jr004ddcMWc_-JLfAeCUZuCSIw2B2OdjNmw_bXI1BGWedAevufCwoEOm7ZS-5cAvvEFswYbVEVZuDsWEeeGpbKpzvvdWf-fkQGPAh-T3c2lW4ckVArJjyPNraMO2nOzJ9cb1WbZ51HBagnvQKkRIZC9yZBcyw
aacg,123,eyJ0eXAiOiJKV1QiLCJhbGciOiJSUzI1NiJ9.eyJ1c2VyIjo3OSwicm9sZSI6MSwiZXhwIjoxNzgzNjgzMzY5fQ.apnf0lF0ZBeYp6zpxJFzWsawqulZL9MUK4FxYdMNw4Ox0MF0lu7JLkX0s8Bczyw0p64qFofZmVCiO4Z-ga2i8NnQXyT3QweXaBQerNamsUsMYpdA1pMnJdVzrh6IZwwweIHsNecsMkE0rkh_8ppZVTzmH5D6-YuYFwBPQN-3KVpFbI7Srk7q1nEt4NaLRmjv_SMDz0P_4rOufa7bOCmEB88Rly577xyCdQiwlObWN3CysqpDRpysvHKvvd3e95N6ExCszeIG7keUJDivDhFkpQXO_DVc_8gQgH0dbHmIJ1PRRslWHVtZrZ0HmS6VcJt3LTfT5Pp7caJi3Itq25vjvQ
aach,123,eyJ0eXAiOiJKV1QiLCJhbGciOiJSUzI1NiJ9.eyJ1c2VyIjo4MCwicm9sZSI6MSwiZXhwIjoxNzgzNjgzMzY5fQ.O9x3cM1bVcv8sUzlKetWhjC6ggBE0i2cCZHOJgsflJH2Q-JjcZ9kvZ34NtyP2oRVwPuf80f2l43bd_Kp6IrigFh3nYukFwDTUdZ98BoqKhlNg7u8Xsr1CKx7rNrQem2F2_lwCnaX9enHPvkc4W5WeqtI92GmLqDsoYktN1_XcrsBO-FGe9XRK4J5EPqhDnxiRlNcFXbui6PF7ZsH9vR7jA4YRg7mtzy2t0Tp-vdaiVsfKdyTdDusOyh81Ew7CA1Z1Va4xTX9LwO2J3qcK4FlqTe_e2iRxR5WxYV0Z4j-yCyVI8EYNut449bDZKJn1CjhB-GmsH2qtEDFQ1dBJE1oyg
aaci,123,eyJ0eXAiOiJKV1QiLCJhbGciOiJSUzI1NiJ9.eyJ1c2VyIjo4MSwicm9sZSI6MSwiZXhwIjoxNzgzNjgzMzY5fQ.oJBhLZBmjG6en3b5sxkY3SsPQkr_QRlrY3bMfIheZTMgn15cfxDT2yItVwxZ-3NZySyR1-bepHqOz1frI_sANvoKxgZWulet6EsLTDVgEjHbPU5hV0dW4hJE8MGj02WUsIi0EBwmwrjUem0adfCrOZLnOuvGqunTWBBCG3du5hONuHbKI8OobzCWVkPSKXHBp1cP6jYecyjEXJrqO9sDH_vP3nlGTWNAYNGxCwsU5VRAIvfqDKmdHRpuLDGFVyCLBr0-mgxRq9jJY58h7DymRAv_X_atnt2jOg60Sz5Qlutkw-wZEmhrl96_uc-f95gwdpGJD6FQbzqfLmwTWoikGw
aacj,123,eyJ0eXAiOiJKV1QiLCJhbGciOiJSUzI1NiJ9.eyJ1c2VyIjo4Miwicm9sZSI6MSwiZXhwIjoxNzgzNjgzMzY5fQ.hvUB5UaJ6dhpfOIkUg2TiZX1zrSQFl3DJzrjfpFqClfBABw0KI4SV-k1qVfnbNBFrw-5ABeo2L5GLbKEa4AwweBw0TGEBwy7nx5fJeQdvD2Hb9S91xVHBcNQCxp7Z4LVXe9dlxMBBMDuMvBjisjS-lTNVm8cg6Kwotjbevcb-xZ875RPEIi0jSChrCDdybGhLlVYKr2My--7NrRl-rQZTkVRAkLBYQhqrA1r4psuE2E8gXKp-QYVg_iKQHmYmCvqta7-v-MlJPnn_dR1QCUvEzNidJ3OtX9fxflOyNBIBqkOFOxfVXwv1ckG28qz_ixNLcRVsv495sQN7UvwrClJ7Q
aack,123,eyJ0eXAiOiJKV1QiLCJhbGciOiJSUzI1NiJ9.eyJ1c2VyIjo4Mywicm9sZSI6MSwiZXhwIjoxNzgzNjgzMzY5fQ.Yq7fTzyuzkX3LYo-1qwfc-ZnLyUR5k5TWr1BcVUdZNMNGd38CmUhL0uUxkXglxAYXUIkJwPiDDqfPpgeXNqPd-PWr9bRd_3tTMgcAhuMz5iQS5GWeNAE2-jAPXx0giRk1pP4CNo_purF9n6oMxY3OdARSFQv7gI5fLIHNqs_idERlbRNtfitmGhMN0NVwx39Do0q0z0Eu-lBXdgl_8P0ioP9MNYb82s-cdDZmHHCspNHe5E_sJfrbWcLf4ze8557_9o3LIYGhZmJGEFEKalz9fsaLP7HnGHvY6tpHf5LwtWfY5XN9hEHtFlbP9H_ZRb3hxpwPhMjEXi8gaalXTrkjA
aacl,123,eyJ0eXAiOiJKV1QiLCJhbGciOiJSUzI1NiJ9.eyJ1c2VyIjo4NCwicm9sZSI6MSwiZXhwIjoxNzgzNjgzMzY5fQ.duUn9vhoONgix-gZztnumdL__4Y6o3tYdYtac5pr0pcqSaFesL6-bg3ipvSXrCqujvk0BaVcfte9uN3OwHrw0xsrDBesjlRc7hiS8B_bTXWDhiUzXnpPW9qlX3h7ATzNC7UR_0MQTfVRI_x3g3lBMKeP9G_63mAs0ecnkx6cFkwqZBE3gZ5CF8BsZnJb-IDdDpYo48hjO3ukY_Y651VnK4UfUZUa5QKojzoTy9JKYXJ00fjH9_d7UOohXeFgp48Mb3RQHQ1T33gcl9p-kO93hK11FzdySJtmyyKdR7pe0bORQSYJAeHFpYTNzwPXAvU2DDXRXTTsKN8N1a8yA4j1pQ
aacm,123,eyJ0eXAiOiJKV1QiLCJhbGciOiJSUzI1NiJ9.eyJ1c2VyIjo4NSwicm9sZSI6MSwiZXhwIjoxNzgzNjgzMzY5fQ.kPpP_kp33fmRxYonuuGTj4uUzxoxG-cVNsU60nB04zDEwaRJzZTapc3uMh2sbOooM0i5tp8flXqyWZ_72BR6YwOzFzySc1GE2mCyKe0VzShqWA_Oysb5XWH7bnQXwYgD7tWZJZD4duylziJL8OJr6VwMcaQdEZoNI1_TScioGAnmynTVWaHiiYYzYM7R_HWi-MtGtEWO6yoXR8BuI8ijaTV7c3KYzQXnDvhDF4jQxM-Uc8E7BHIc4NgB2VG7XypXxrVC_D01LZ6HIuqt6HriF0ffIt38flW7Yb6ZAQZxCzGpdDKvZ4RadigWngGMPM336mfXUeoa6WcAVBUK1NtObg
aacn,123,eyJ0eXAiOiJKV1QiLCJhbGciOiJSUzI1NiJ9.eyJ1c2VyIjo4Niwicm9sZSI6MSwiZXhwIjoxNzgzNjgzMzY5fQ.Gkvg5QH-2ftXagsn6sytdhtqTRBqtCSprq47yRS8TaxtOCWWv5e35eaLI1Wn2pcEYGx7zHSMGatCj-erQILOy6XQ2PJFidb-FJbC_IMAvsb0_6jHMbcV175nFvPDwcLXltAOgAyexc7Qn4ZKLnO2dSbiFIyFT5KU8vYgF4njA-MhxBiFcWrbH_36uwHV3zkVmMy625PtS58eKC6ncNjcivDxCCr4fvvVzgsiO9ZaT11Pb3h0JuozDmazv4CXbhhudVmoIo8kbJYphe-WFPYrXq_RUQeIhIQSP587Q787cHoow_DCjbvnO2PLYQ8QVttEhdusTxDh6hvjP9XqZAnEWQ
aaco,123,eyJ0eXAiOiJKV1QiLCJhbGciOiJSUzI1NiJ9.eyJ1c2VyIjo4Nywicm9sZSI6MSwiZXhwIjoxNzgzNjgzMzY5fQ.dNqj_0tbjnKs2VY58GGoynuvQ1qBYLk24QhqOKjq3Lfjj36SuJRExt7lo_e9EHYsXbWmFjmffNCuZBh1qe9lMOsFKKkTGc6eE9vAnIvkx28UD1XaGipsrawL6UxiNbrBGIURhLT7Stwo3VExBjoxaa4p-B5XKpt7VYr7VWLgvMcHmzMGjQi0uTXykOhAHD-9uHpGeuoX6JCAF4yEzCZPeKQAXqZa810NVt6acdN_2XLc97fMYjSNRPOQpETjZE5RI8WcBUXjFe8oo2ab9K1x786c9z2kVqU9IaK2Wbjr5Z7Qu4COKS0ijymnWa54B7QS9Q4iQ7rNOeXvkFF045iZVQ
aacp,123,eyJ0eXAiOiJKV1QiLCJhbGciOiJSUzI1NiJ9.eyJ1c2VyIjo4OCwicm9sZSI6MSwiZXhwIjoxNzgzNjgzMzY5fQ.FxhHYqer9uV_Qyk6dCJsiv2UFNcWUDMtGwTd_YWSlQ-GuaNd6COYQCidDqa-enNZCiA-7iqx9JBe-d1y7393bxdWt9nEX4Cx79aqK8oEwbSj0lS12-7BRXSDQQKcXXOG3JR69fNWkXCOnY1cEHOWegxPUCNtZvDvHFh6dfaYNGVbWzpRzH89oi7Nng5lCCBVSt2_381sQ9VrniMyaHdsci2c_XjCUBLX8b2hGnWrsM0cOT2HTaFpmbe2t4SJ28-og5mXKmcT7Y5B-5ta8KEtYsRxjl5MaL6C0vCiJFEX131sYMe8x0wBeZkW-0AcXKTEXgoj7CgcStshKaQ8e8ilCw
aacq,123,eyJ0eXAiOiJKV1QiLCJhbGciOiJSUzI1NiJ9.eyJ1c2VyIjo4OSwicm9sZSI6MSwiZXhwIjoxNzgzNjgzMzY5fQ.NzRiaCc5Wy0xzKRalXytSGE_73qaB-25hXijjuD8Iq6RtNceT7zbotDXH6iTZ1ZkRkETDZtroi11s0d9j_cIJoF7jr7vTDO8MNpPGZ6fibKnbPnbfPROPsQk_0IHVl1yoxAUbUj6GS4nVBNosyDGX1EIy_6_UPZyKl4ACwo6ZCb8k0-cL1RbaktasjOuf_Wb2QGBay3ssw5rCHjAc5Lre-eoDyKbHvN6s-SJT4TLX6tOsB7DbVxyXWGCM48OLqFXf78VK0FUT2XyATOc5DT6AJPjbcRIOn99a0HFQoSi8weDOn4B2mCSEWJ74kIqEA6E43F1n1BVlJ04j13sXKCctQ
aacr,123,eyJ0eXAiOiJKV1QiLCJhbGciOiJSUzI1NiJ9.eyJ1c2VyIjo5MCwicm9sZSI6MSwiZXhwIjoxNzgzNjgzMzY5fQ.ML3kSBdh7YxDkvIKmrmF9_Ea9Jo6hYefHhaMoKuPwMjd-EQ4hfzKqw3zVtmiYUWcsuPiWSr1ypupjhoOZqh1xBdaMTnmSKiYm-I8rYKwkfN38uUTSw0qMmLdL-nbodNEuHNImXvFnik7LAzem3Gmai9b7yAXQYqTDfCmYiucVXXpwgzFG8Z0ODWxARPvEcqPu-ZTh8l3pSNAKxKNc378FclH0vK7bZjIoCKJif6foO67WlYIq-cPipm-Yr_HwgqbmpWcF5zc1GjhTNQPb0RbNEAfymS6OwQYLwC710tU9R9X6BEmUK3UpIgn1cedwI5-RimmKIq1gnWynz96ey_rNg
aacs,123,eyJ0eXAiOiJKV1QiLCJhbGciOiJSUzI1NiJ9.eyJ1c2VyIjo5MSwicm9sZSI6MSwiZXhwIjoxNzgzNjgzMzcwfQ.Wb0ngfV0J_tvuZU27tWZnkf717fvlqOKcEK7ZlGUmIKOC6rpfciPkQ6k30df_COtEGY_4qSIcuGLGeJj25jyg-5CjjXJPVx86LnGVS_JliRamfDQm8jomTs_-O9C5FjI3ybNSK9x8HOfrct--liexX44IXcpAKDcOUxi0k_BpbaUkyTxAWgl_-2PRzPKx790EfSaGUmH04AbaEX3l0gsv8JgKTQcX8D-NyzEUEjZ-ayBE85i3m3EVj8jrIqZeFIXddgDLR_JgpoRccrSex9U3hoFxY39onSWZHOGLl5FOYFiCn68VnnfzmWHjci0w1eHkabbDvkPZIqnJcGBeCowSA
aact,123,eyJ0eXAiOiJKV1QiLCJhbGciOiJSUzI1NiJ9.eyJ1c2VyIjo5Miwicm9sZSI6MSwiZXhwIjoxNzgzNjgzMzcwfQ.kzZpHPZSj3B04JXHc1029ZMFNgxIuOb8IzHQq_X6YpdLuRgZD3wVColH31l7MsHrb8CKhpQQx0GubNjmXh5WJFRHPlik1SU4RE5Ds_EDlwRQ57Bp8CImCWSqdaQgs6L-KY9oKX38PnhiF7TRC_DtPY6c6wBaHYgObef9ILtjfIQIccZwTFhA3-cqkSLx1OzuK6V_e2x_-UOkXPmOcQHes5deljS6SRJ2_LQd0R_g2a8h_7cj_29m4rAmNCI5duMXLxEKv_c9m-03havqTltkmGvsAfV34fhDTPDGGe79FK0kcrO8L5k4Gn6JlG7-1EY8XROxdPt6aNRktfAJ4rfD-w
aacu,123,eyJ0eXAiOiJKV1QiLCJhbGciOiJSUzI1NiJ9.eyJ1c2VyIjo5Mywicm9sZSI6MSwiZXhwIjoxNzgzNjgzMzcwfQ.PqgfRVK34h-t6zhCIqTK0umiRq8YGBnbK67RrpDUxCTBBig4vzREF1qATWFNz36XpXB4XIQ_IVu7pw8pbu-JcU_BOUXmPw4p8ww0reEcoQ4Nc-O1ZVH6tKbcxdz2jmi96j3KajCxC_YkQ5zLFtbKeFqa5a_gaTwknJRXCshCbY2MNtvy6j4ShAgO9u_-7_zz0ZUMOjjQnZDVDuHSqoUMXedBVGhOOT3J-1ha8xAyexfG4gVKedSiFvHcxKzlDuCKLd9d1THGcgEYzVfVsLOKaYROdrS_KfDpvKKxuW6jmFfB-uSgd_nieggQIowunir0kcRoY3Hux-USNXnp3AOeLg
aacv,123,eyJ0eXAiOiJKV1QiLCJhbGciOiJSUzI1NiJ9.eyJ1c2VyIjo5NCwicm9sZSI6MSwiZXhwIjoxNzgzNjgzMzcwfQ.PMzGOT_7pAU_xG-abebrM8ORuLORW-BA4t4iiID03gvQNKa8cEaV285MEfP1hvby_tOYpKDO72IKDkmUpVffJiOoBVZaEO49ay7B5Iz9RFAe3F12jz2F5NdDpJCzMdcSri7BcJZrV5o0hVYpfF4raKrMr9C0ELJF2kuW5hs09VWs64aLId2wmlrETkxhX7ZHcHAoch4R92aZqV7DDGyH2Q001lPru_vcK6rQxQkvLnszIZNRdtbxwzZILLpjM17EL9FSy3NjaU9x_jdDipO0bWDKDoprl9kf4ErmALZJPUX-dbZAT8OKcMrqteLnvcVpWzj6-vtki8KWP9K82pBRqw
aacw,123,eyJ0eXAiOiJKV1QiLCJhbGciOiJSUzI1NiJ9.eyJ1c2VyIjo5NSwicm9sZSI6MSwiZXhwIjoxNzgzNjgzMzcwfQ.UArn47-SZs9vc8gMlPCKSNXYlice9Q3L4cdSITCxBWH1R7CD2c65X7krAS_8izvHQAdoUMyNvRrPwyi8FwjlsrgkebqRMg5oc0amRidkWBv8Ks8_k3vA5ETSfEeaITp9z1Qb6Q1ASkK_DyFxaoNb404f7xRT9HIByFDBF8uQnMQN-lg0T1i2oH-I5lTqNgzmvmx7ZhyWq_vzsSaHdgly4zCPTE2lIpQ0gO0jo1DoyJQRbXbK3TdGQ6lxi9WHYEVdkNYe6InIYej0BlHloRF6nMhCxLpEaAZRBRtBMbGwxFBRd0kwwmLioXKkuoIIWLERg4kc5ko8-w5WijoG83qSUg
aacx,123,eyJ0eXAiOiJKV1QiLCJhbGciOiJSUzI1NiJ9.eyJ1c2VyIjo5Niwicm9sZSI6MSwiZXhwIjoxNzgzNjgzMzcwfQ.WbSM0T-e9GOEe8UJLpGNmp-LYnE4tc-KzphW_VyeCdKp5EmEmniGxZn7zvC56a0qC_9CFfUFHiXaDg0z8J90G53b1fuv1S2Xb3d2PzZEXdA-_Zkl0Ndlj6U4yFTaxFfaQKx94lx-UpebaKZ6Yi-57cLVup1v7leo1Dr6dx3bru7ybT0ztY0L20X0HtMCJP-b89rjCcEii3dkV9NlCl_JeZ8alecXReuh7TZPwszLqnflNb9ruK5O2swflGuCsSU_5bn_WoTVfWLk6eFbHQJm_c9Yo6wv5gawUA0upQLSvS_BDGtpfxv2quhtP4GP3o11ZGjq9Int4LEx29H0fFNd-g
aacy,123,eyJ0eXAiOiJKV1QiLCJhbGciOiJSUzI1NiJ9.eyJ1c2VyIjo5Nywicm9sZSI6MSwiZXhwIjoxNzgzNjgzMzcwfQ.eFEEe55sfwg7LLLMviOvj-oXrUZt5BPSujicw5qLSwhofQPoHBOtcerkCuGKMdBD9cwgfEvmXCzJeHTzZ2pA6XGXqF8OoxM5fZNnMYLVYFM0Skb_fjTZSSL1_nRvF5cbXFnqKzXuPqdm7ttVvpoSTT83VOMCCIu_LK-Yk-_CGjCevmxPec4qnL79fp-3vk33Nj1ktyT1JQTXovi7NY3OcdOyo_Bwx9uWYx5gxLnWLmmZHeCB2OGXQn6FBnJltC2HojwOGwBPfpPWYj3XGhrMoAqNV0p4OkQYVORjy-9R3qwZ4BFqypL8lVrNwnDHjo-BWxsFaPqZpxtzZXqKhWp76w
aacz,123,eyJ0eXAiOiJKV1QiLCJhbGciOiJSUzI1NiJ9.eyJ1c2VyIjo5OCwicm9sZSI6MSwiZXhwIjoxNzgzNjgzMzcwfQ.K5LmLWkZU-8EHSlMLTaVI-lFtRXKchMATizgzzjp0VEmGtxF1HOlZ58KbRWk_I_xzaCsSGLnvjm_e_dVh_XNbUyFq-KaQxOj3YrGml5RA0Zx9zgBWQYlKL7vx4Hu03jiDd3IauymqxwHkASAP9JNN54YCA4uNMN-mrecgO5uwzARXQ29Acrw33CveEwiUIM-JbS4ORYIIGu6er0YOFHtkjeIR8MlzHRoahckPUl4-EcTG4l48jBwUxN2Yek2LhOhCXbLGP1PWvn2lLVIWC-9YLmGKUhBQu96CchME3bQJ6Zq9Qea5Pl0jwxYDtgdMMQy0aeNue9yMp7yRVcxHV548Q
aada,123,eyJ0eXAiOiJKV1QiLCJhbGciOiJSUzI1NiJ9.eyJ1c2VyIjo5OSwicm9sZSI6MSwiZXhwIjoxNzgzNjgzMzcwfQ.GHIbMv4A4FjC1UNbRXM0U6btqSIP2Y_jr0RQK8n7uNcDOXzHO6MoxaMJhHycmiONVTmiIjAc0LcUUlFxxg5Q6lZE78d2Zhvwk4IQB-2VVa_zsUr1vM_X_KbqpHEmx3c19xn_76UK6m9LIIHf-r_hzeiuV9V6v4Ko75yd4BTWSkr2h8wLuCiZwT3RICSXTQeC1RCCw57V17Nf9isLjbOVFmMGdvu7i1qhkTFgC6no3X3-9gPLFebrgKcXspsinvOJ44Hh5b7CORc2xi2DZqsmVdbNp8rBpULqaHrlgrG8tFSQXU59Rl_11mzv6oo9qKH7tqKZTkG4x1urdE4svVD_Mw
aadb,123,eyJ0eXAiOiJKV1QiLCJhbGciOiJSUzI1NiJ9.eyJ1c2VyIjoxMDAsInJvbGUiOjEsImV4cCI6MTc4MzY4MzM3MH0.XmRNJsjuvaSDp-wfQ982uGtUgFtXiXBowC8m-xNCj-ODqv-opYOWAm-qZ9jY570wh2N9GuxJYi2-JMulfriJBS56ngFFt2vjRrHfY8hHZHeN_hS_QINW9YJS2kKAFIxFdonH5go-5K7vVaD79T3qymmg_petgbDmbbjwwRSNIxjmprusssiGlrdEkg-H4vRsuYJyhEGnCQjiIAhbpntWM8jAv5hWHJXEgVbvShY5fKR7z4zB69yhozO9mIttE1UFYxQNvMt0L9ktLp2nfZ4ecInXmUkBO7op68sWf3CbFQ_XHPAjppwtUZLmNCB8O7G2zMRdt4gf2hd9VxUM_O34tA
